"Big5 碼",造字圖,"IDS (請參考 http://goo.gl/3D2uoE)","IDS 動態圖片","ref 剎那字引: http://nccu.ksana.tw/kzy/",備註,,
B+8142,"{image: https://g0v.github.io/koktai/img/k/8142.png}",⿵⺇厶,"{image: http://漢字.意傳.台灣/宋體/⿵⺇厶.png}",,這個發現組字程式有bug,,
B+8144,"{image: https://g0v.github.io/koktai/img/k/8144.png}",⿰歹妥,"{image: http://漢字.意傳.台灣/宋體/⿰歹妥.png}",,,,
B+814f,"{image: https://g0v.github.io/koktai/img/k/814f.png}",⿰間見,"{image: http://漢字.意傳.台灣/宋體/⿰間見.png}",,,,
B+8151,"{image: https://g0v.github.io/koktai/img/k/8151.png}",⿰与乎,"{image: http://漢字.意傳.台灣/宋體/⿰与乎.png}",,,,
B+8153,"{image: https://g0v.github.io/koktai/img/k/8153.png}",⿸广⿱亠回,"{image: http://漢字.意傳.台灣/宋體/⿸广⿱亠回.png}",,,,
B+8154,"{image: https://g0v.github.io/koktai/img/k/8154.png}",⿰礻果,"{image: http://漢字.意傳.台灣/宋體/⿰礻果.png}",,,,
B+8155,"{image: https://g0v.github.io/koktai/img/k/8155.png}",⿰冫彥,"{image: http://漢字.意傳.台灣/宋體/⿰冫彥.png}",,,,
B+815c,"{image: https://g0v.github.io/koktai/img/k/815c.png}",⿱覀⿰革奇,"{image: http://漢字.意傳.台灣/宋體/⿱覀⿰革奇.png}",,,,
B+815e,"{image: https://g0v.github.io/koktai/img/k/815e.png}",⿰丨ㄋ,"{image: http://漢字.意傳.台灣/宋體/⿰丨ㄋ.png}",,,,
B+817a,"{image: https://g0v.github.io/koktai/img/k/817a.png}",⿰口吳,"{image: http://漢字.意傳.台灣/宋體/⿰口吳.png}",,,,
B+81be,"{image: https://g0v.github.io/koktai/img/k/81be.png}",⿰扌蒸,"{image: http://漢字.意傳.台灣/宋體/⿰扌蒸.png}",,,,
B+81c4,"{image: https://g0v.github.io/koktai/img/k/81c4.png}",⿰亻⿳⿶凵※儿夂,"{image: http://漢字.意傳.台灣/宋體/⿰亻⿳⿶凵※儿夂.png}",,,,
B+82ce,"{image: https://g0v.github.io/koktai/img/k/82ce.png}",⿰衮号,"{image: http://漢字.意傳.台灣/宋體/⿰衮号.png}",,,,
B+82e2,"{image: https://g0v.github.io/koktai/img/k/82e2.png}",⿰月咢,"{image: http://漢字.意傳.台灣/宋體/⿰月咢.png}",,,,
B+844b,"{image: https://g0v.github.io/koktai/img/k/844b.png}",⿰月霄,"{image: http://漢字.意傳.台灣/宋體/⿰月霄.png}",,,,
B+84c3,"{image: https://g0v.github.io/koktai/img/k/84c3.png}",⿰⻊虒,"{image: http://漢字.意傳.台灣/宋體/⿰⻊虒.png}",,,,
B+8546,"{image: https://g0v.github.io/koktai/img/k/8546.png}",⿰犭丶,"{image: http://漢字.意傳.台灣/宋體/⿰犭丶.png}",,,,
B+855a,"{image: https://g0v.github.io/koktai/img/k/855a.png}",⿱人水,"{image: http://漢字.意傳.台灣/宋體/⿱人水.png}",,,,
B+855d,"{image: https://g0v.github.io/koktai/img/k/855d.png}",⺢,"{image: http://漢字.意傳.台灣/宋體/⺢.png}",,,,
B+8561,"{image: https://g0v.github.io/koktai/img/k/8561.png}",⿱林月,"{image: http://漢字.意傳.台灣/宋體/⿱林月.png}",,,,
B+8567,"{image: https://g0v.github.io/koktai/img/k/8567.png}",☽,"{image: http://漢字.意傳.台灣/宋體/☽.png}",,,,
B+8569,"{image: https://g0v.github.io/koktai/img/k/8569.png}",⿰孑少,"{image: http://漢字.意傳.台灣/宋體/⿰孑少.png}",,,,
B+856f,"{image: https://g0v.github.io/koktai/img/k/856f.png}",⿰丨ㄋ,"{image: http://漢字.意傳.台灣/宋體/⿰丨ㄋ.png}",,,,
B+8575,"{image: https://g0v.github.io/koktai/img/k/8575.png}",,,,,,
B+85dd,"{image: https://g0v.github.io/koktai/img/k/85dd.png}","⿰ㆬ ͘","{image: http://漢字.意傳.台灣/宋體/⿰ㆬ ͘.png}",,,,
B+85e0,"{image: https://g0v.github.io/koktai/img/k/85e0.png}",⿱攸食,"{image: http://漢字.意傳.台灣/宋體/⿱攸食.png}",,,,
B+85e1,"{image: https://g0v.github.io/koktai/img/k/85e1.png}",⿱艹䙴,"{image: http://漢字.意傳.台灣/宋體/⿱艹䙴.png}",,,,
B+8e49,"{image: https://g0v.github.io/koktai/img/k/8e49.png}",⿰扌復,"{image: http://漢字.意傳.台灣/宋體/⿰扌復.png}",,,,
B+8e57,"{image: https://g0v.github.io/koktai/img/k/8e57.png}",⿰扌⿱天韭,"{image: http://漢字.意傳.台灣/宋體/⿰扌⿱天韭.png}",,,,
B+8e72,"{image: https://g0v.github.io/koktai/img/k/8e72.png}",⿰扌疊,"{image: http://漢字.意傳.台灣/宋體/⿰扌疊.png}",,,,
B+8e78,"{image: https://g0v.github.io/koktai/img/k/8e78.png}",⿰扌變,"{image: http://漢字.意傳.台灣/宋體/⿰扌變.png}",,,,
B+8e79,"{image: https://g0v.github.io/koktai/img/k/8e79.png}",⿰扌顯,"{image: http://漢字.意傳.台灣/宋體/⿰扌顯.png}",,,,
B+8eb9,"{image: https://g0v.github.io/koktai/img/k/8eb9.png}",⿰衤助,"{image: http://漢字.意傳.台灣/宋體/⿰衤助.png}",,,,
B+8ec0,"{image: https://g0v.github.io/koktai/img/k/8ec0.png}",⿰衤垂,"{image: http://漢字.意傳.台灣/宋體/⿰衤垂.png}",,,,
B+8ec8,"{image: https://g0v.github.io/koktai/img/k/8ec8.png}",丵,"{image: http://漢字.意傳.台灣/宋體/丵.png}",,,,
B+8ed8,"{image: https://g0v.github.io/koktai/img/k/8ed8.png}",⿱工土,"{image: http://漢字.意傳.台灣/宋體/⿱工土.png}",,,,
B+8ee2,"{image: https://g0v.github.io/koktai/img/k/8ee2.png}",⿰火⿱冖儿,"{image: http://漢字.意傳.台灣/宋體/⿰火⿱冖儿.png}",,,,
B+8ee6,"{image: https://g0v.github.io/koktai/img/k/8ee6.png}",⿱我心,"{image: http://漢字.意傳.台灣/宋體/⿱我心.png}",,,,
B+8eec,"{image: https://g0v.github.io/koktai/img/k/8eec.png}",⿰口兹,"{image: http://漢字.意傳.台灣/宋體/⿰口兹.png}",,,,
B+8eee,"{image: https://g0v.github.io/koktai/img/k/8eee.png}",⿰爪東,"{image: http://漢字.意傳.台灣/宋體/⿰爪東.png}",,,,
B+8f61,"{image: https://g0v.github.io/koktai/img/k/8f61.png}",,,,這個需要找到裡面那個的部件，還有外面那個部件，用全包含組,,
B+8f6f,"{image: https://g0v.github.io/koktai/img/k/8f6f.png}",⿰皮反,"{image: http://漢字.意傳.台灣/宋體/⿰皮反.png}",,,,
B+8f74,"{image: https://g0v.github.io/koktai/img/k/8f74.png}",,"{image: http://漢字.意傳.台灣/宋體/.png}",,將來一樣得看unicode有無補完這部件囉,,
B+8fb1,"{image: https://g0v.github.io/koktai/img/k/8fb1.png}",,"{image: http://漢字.意傳.台灣/宋體/.png}",,,,
B+8fb3,"{image: https://g0v.github.io/koktai/img/k/8fb3.png}",⿱囪心,"{image: http://漢字.意傳.台灣/宋體/⿱囪心.png}",,,,
B+8fbd,"{image: https://g0v.github.io/koktai/img/k/8fbd.png}",⿱彼土,"{image: http://漢字.意傳.台灣/宋體/⿱彼土.png}",,,,
B+8fbe,"{image: https://g0v.github.io/koktai/img/k/8fbe.png}",⿱彼一土,"{image: http://漢字.意傳.台灣/宋體/⿱彼一土.png}",,,,
B+8fc3,"{image: https://g0v.github.io/koktai/img/k/8fc3.png}",⿰⻊令,"{image: http://漢字.意傳.台灣/宋體/⿰⻊令.png}",,,,
B+8fc7,"{image: https://g0v.github.io/koktai/img/k/8fc7.png}",⿰⻊回,"{image: http://漢字.意傳.台灣/宋體/⿰⻊回.png}",,,,
B+8fed,"{image: https://g0v.github.io/koktai/img/k/8fed.png}",⿰虫乖,"{image: http://漢字.意傳.台灣/宋體/⿰虫乖.png}",,,,
B+8ff4,"{image: https://g0v.github.io/koktai/img/k/8ff4.png}",⿱流虫,"{image: http://漢字.意傳.台灣/宋體/⿱流虫.png}",,,,
B+8ff5,"{image: https://g0v.github.io/koktai/img/k/8ff5.png}",⿰虫荒,"{image: http://漢字.意傳.台灣/宋體/⿰虫荒.png}",,,,
B+9041,"{image: https://g0v.github.io/koktai/img/k/9041.png}",⿱一木,"{image: http://漢字.意傳.台灣/宋體/⿱一木.png}",,這個可能是「禾」的異寫，或者真的是另外一個字，可能要看前後文,原文為「茶」，下部從「木」、「荼」，下部從「X」,已修正
B+9066,"{image: https://g0v.github.io/koktai/img/k/9066.png}",⿰米祭,"{image: http://漢字.意傳.台灣/宋體/⿰米祭.png}",,,,
B+906d,"{image: https://g0v.github.io/koktai/img/k/906d.png}",⿸疒忝,"{image: http://漢字.意傳.台灣/宋體/⿸疒忝.png}",,,,
B+9072,"{image: https://g0v.github.io/koktai/img/k/9072.png}",⿱代土,"{image: http://漢字.意傳.台灣/宋體/⿱代土.png}",,,,
B+9073,"{image: https://g0v.github.io/koktai/img/k/9073.png}",⿰尞刂,"{image: http://漢字.意傳.台灣/宋體/⿰尞刂.png}",,,,
B+9075,"{image: https://g0v.github.io/koktai/img/k/9075.png}",⿱彼口,"{image: http://漢字.意傳.台灣/宋體/⿱彼口.png}",,,,
B+907d,"{image: https://g0v.github.io/koktai/img/k/907d.png}",⿰口僕,"{image: http://漢字.意傳.台灣/宋體/⿰口僕.png}",,,,
B+90a4,"{image: https://g0v.github.io/koktai/img/k/90a4.png}",⿰扌麻,"{image: http://漢字.意傳.台灣/宋體/⿰扌麻.png}",,,,
B+90a8,"{image: https://g0v.github.io/koktai/img/k/90a8.png}",⿸疒貓,"{image: http://漢字.意傳.台灣/宋體/⿸疒貓.png}",,,,
B+90a9,"{image: https://g0v.github.io/koktai/img/k/90a9.png}",⿸疒珠,"{image: http://漢字.意傳.台灣/宋體/⿸疒珠.png}",,,,
B+90ab,"{image: https://g0v.github.io/koktai/img/k/90ab.png}",⿸疒哥,"{image: http://漢字.意傳.台灣/宋體/⿸疒哥.png}",,,,
B+90ad,"{image: https://g0v.github.io/koktai/img/k/90ad.png}",⿰車加,"{image: http://漢字.意傳.台灣/宋體/⿰車加.png}",,,,
B+90af,"{image: https://g0v.github.io/koktai/img/k/90af.png}",⿰米蔴,"{image: http://漢字.意傳.台灣/宋體/⿰米蔴.png}",,,,
B+90b4,"{image: https://g0v.github.io/koktai/img/k/90b4.png}",⿰虫夋,"{image: http://漢字.意傳.台灣/宋體/⿰虫夋.png}",,,,
B+90b7,"{image: https://g0v.github.io/koktai/img/k/90b7.png}",⿰⺩毛,"{image: http://漢字.意傳.台灣/宋體/⿰⺩毛.png}",,,,
B+90ba,"{image: https://g0v.github.io/koktai/img/k/90ba.png}",⺲,"{image: http://漢字.意傳.台灣/宋體/⺲.png}",,,,
B+90c6,"{image: https://g0v.github.io/koktai/img/k/90c6.png}",⿱艹冑,"{image: http://漢字.意傳.台灣/宋體/⿱艹冑.png}",,,,
B+90c8,"{image: https://g0v.github.io/koktai/img/k/90c8.png}",⿰石匹,"{image: http://漢字.意傳.台灣/宋體/⿰石匹.png}",,,,
B+90cb,"{image: https://g0v.github.io/koktai/img/k/90cb.png}",⿵門艮,"{image: http://漢字.意傳.台灣/宋體/⿵門艮.png}",,,,
B+90d0,"{image: https://g0v.github.io/koktai/img/k/90d0.png}",⿰口有,"{image: http://漢字.意傳.台灣/宋體/⿰口有.png}",,,,
B+90d3,"{image: https://g0v.github.io/koktai/img/k/90d3.png}",⿰石告,"{image: http://漢字.意傳.台灣/宋體/⿰石告.png}",,,,
B+90db,"{image: https://g0v.github.io/koktai/img/k/90db.png}",⿱㇒囗,"{image: http://漢字.意傳.台灣/宋體/⿱㇒囗.png}",,,,
B+90e0,"{image: https://g0v.github.io/koktai/img/k/90e0.png}",⿰氵⿱巛夕,"{image: http://漢字.意傳.台灣/宋體/⿰氵⿱巛夕.png}",,,,
B+90ee,"{image: https://g0v.github.io/koktai/img/k/90ee.png}",⿱冖月,"{image: http://漢字.意傳.台灣/宋體/⿱冖月.png}",,,,
B+9170,"{image: https://g0v.github.io/koktai/img/k/9170.png}",⿸疒記,"{image: http://漢字.意傳.台灣/宋體/⿸疒記.png}",,,,
B+91aa,"{image: https://g0v.github.io/koktai/img/k/91aa.png}",⿱山母,"{image: http://漢字.意傳.台灣/宋體/⿱山母.png}",,,,
B+91ae,"{image: https://g0v.github.io/koktai/img/k/91ae.png}",⿰口,"{image: http://漢字.意傳.台灣/宋體/⿰口.png}",,不知道unicode有沒有個部件了？>_<,,
B+91af,"{image: https://g0v.github.io/koktai/img/k/91af.png}",𠰻,"{image: http://漢字.意傳.台灣/宋體/𠰻.png}",,右邊看起來像是外的異寫,"OK 用 𠰻",
B+91b1,"{image: https://g0v.github.io/koktai/img/k/91b1.png}",⿰木朮,"{image: http://漢字.意傳.台灣/宋體/⿰木朮.png}",,,,
B+91b6,"{image: https://g0v.github.io/koktai/img/k/91b6.png}",⿰阝不,"{image: http://漢字.意傳.台灣/宋體/⿰阝不.png}",,,,
B+91b7,"{image: https://g0v.github.io/koktai/img/k/91b7.png}",⿳⺮冖林,"{image: http://漢字.意傳.台灣/宋體/⿳⺮冖林.png}",,,,
B+91bb,"{image: https://g0v.github.io/koktai/img/k/91bb.png}",⿰月函,"{image: http://漢字.意傳.台灣/宋體/⿰月函.png}",,,,
B+91c5,"{image: https://g0v.github.io/koktai/img/k/91c5.png}",⿰糸攀,"{image: http://漢字.意傳.台灣/宋體/⿰糸攀.png}",,,,
B+91c7,"{image: https://g0v.github.io/koktai/img/k/91c7.png}",⿰口務,"{image: http://漢字.意傳.台灣/宋體/⿰口務.png}",,,,
B+91d0,"{image: https://g0v.github.io/koktai/img/k/91d0.png}",⿰飠夾,"{image: http://漢字.意傳.台灣/宋體/⿰飠夾.png}",,,,
B+91d6,"{image: https://g0v.github.io/koktai/img/k/91d6.png}",⿰齒卒,"{image: http://漢字.意傳.台灣/宋體/⿰齒卒.png}",,,,
B+91dd,"{image: https://g0v.github.io/koktai/img/k/91dd.png}",⿰目率,"{image: http://漢字.意傳.台灣/宋體/⿰目率.png}",,,,
B+91e1,"{image: https://g0v.github.io/koktai/img/k/91e1.png}",臯,"{image: http://漢字.意傳.台灣/宋體/臯.png}",,,,
B+91ef,"{image: https://g0v.github.io/koktai/img/k/91ef.png}",⿰全焦,"{image: http://漢字.意傳.台灣/宋體/⿰全焦.png}",,,,
B+91f1,"{image: https://g0v.github.io/koktai/img/k/91f1.png}",⿰火侖,"{image: http://漢字.意傳.台灣/宋體/⿰火侖.png}",,,,
B+9241,"{image: https://g0v.github.io/koktai/img/k/9241.png}",⿰月幷,"{image: http://漢字.意傳.台灣/宋體/⿰月幷.png}",,,,
B+924d,"{image: https://g0v.github.io/koktai/img/k/924d.png}",⿱艹⿰白奄,"{image: http://漢字.意傳.台灣/宋體/⿱艹⿰白奄.png}",,,,
B+924e,"{image: https://g0v.github.io/koktai/img/k/924e.png}",⿱目,"{image: http://漢字.意傳.台灣/宋體/⿱目.png}",,這個上半部的部件也要找當今unicode有沒有了,,
B+9267,"{image: https://g0v.github.io/koktai/img/k/9267.png}",⿰木⿸广睘,"{image: http://漢字.意傳.台灣/宋體/⿰木⿸广睘.png}",,,,
B+926d,"{image: https://g0v.github.io/koktai/img/k/926d.png}",⿸疒忝,"{image: http://漢字.意傳.台灣/宋體/⿸疒忝.png}",,,,
B+9270,"{image: https://g0v.github.io/koktai/img/k/9270.png}",⿰土帝,"{image: http://漢字.意傳.台灣/宋體/⿰土帝.png}",,,,
B+9271,"{image: https://g0v.github.io/koktai/img/k/9271.png}",⿰面力,"{image: http://漢字.意傳.台灣/宋體/⿰面力.png}",,,,
B+9277,"{image: https://g0v.github.io/koktai/img/k/9277.png}",⿰齒契,"{image: http://漢字.意傳.台灣/宋體/⿰齒契.png}",,,,
B+9279,"{image: https://g0v.github.io/koktai/img/k/9279.png}",⿰月米,"{image: http://漢字.意傳.台灣/宋體/⿰月米.png}",,,,
B+927b,"{image: https://g0v.github.io/koktai/img/k/927b.png}",⿰火末,"{image: http://漢字.意傳.台灣/宋體/⿰火末.png}",,,,
B+927c,"{image: https://g0v.github.io/koktai/img/k/927c.png}",⿰口⿱艹干,"{image: http://漢字.意傳.台灣/宋體/⿰口⿱艹干.png}",,,,
B+92a1,"{image: https://g0v.github.io/koktai/img/k/92a1.png}",⿱白儿,"{image: http://漢字.意傳.台灣/宋體/⿱白儿.png}",,,,
B+9348,"{image: https://g0v.github.io/koktai/img/k/9348.png}",⿰亻⿸广匕,"{image: http://漢字.意傳.台灣/宋體/⿰亻⿸广匕.png}",,,,
B+934c,"{image: https://g0v.github.io/koktai/img/k/934c.png}",⿰扌奴,"{image: http://漢字.意傳.台灣/宋體/⿰扌奴.png}",,,,
B+9356,"{image: https://g0v.github.io/koktai/img/k/9356.png}",⿰亻么,"{image: http://漢字.意傳.台灣/宋體/⿰亻么.png}",,,,
B+935a,"{image: https://g0v.github.io/koktai/img/k/935a.png}",⿰月翠,"{image: http://漢字.意傳.台灣/宋體/⿰月翠.png}",,,,
B+93fb,"{image: https://g0v.github.io/koktai/img/k/93fb.png}",,"{image: http://漢字.意傳.台灣/宋體/.png}",,一樣的問題，這個要確定現在的unicode有沒有這個部件了,,
B+9446,"{image: https://g0v.github.io/koktai/img/k/9446.png}",⿺毛占,"{image: http://漢字.意傳.台灣/宋體/⿺毛占.png}",,,,
B+944c,"{image: https://g0v.github.io/koktai/img/k/944c.png}",⿰勿曾,"{image: http://漢字.意傳.台灣/宋體/⿰勿曾.png}",,,,
B+944e,"{image: https://g0v.github.io/koktai/img/k/944e.png}",⿰扌桼,"{image: http://漢字.意傳.台灣/宋體/⿰扌桼.png}",,,,
B+94c1,"{image: https://g0v.github.io/koktai/img/k/94c1.png}",⿰羽孚,"{image: http://漢字.意傳.台灣/宋體/⿰羽孚.png}",,,,
B+94ea,"{image: https://g0v.github.io/koktai/img/k/94ea.png}",⿰口貌,"{image: http://漢字.意傳.台灣/宋體/⿰口貌.png}",,,,
B+94f9,"{image: https://g0v.github.io/koktai/img/k/94f9.png}",⿱差錯,"{image: http://漢字.意傳.台灣/宋體/⿱差錯.png}",,,,
B+9549,"{image: https://g0v.github.io/koktai/img/k/9549.png}",⿸圡,"{image: http://漢字.意傳.台灣/宋體/⿸圡.png}",,這個也有點棘手，不知有無左上半部的部件。,,
B+954e,"{image: https://g0v.github.io/koktai/img/k/954e.png}",⿰香歹,"{image: http://漢字.意傳.台灣/宋體/⿰香歹.png}",,,,
B+9550,"{image: https://g0v.github.io/koktai/img/k/9550.png}",⿸⿵冂一,"{image: http://漢字.意傳.台灣/宋體/⿸⿵冂一.png}",,左上方部件好像也沒有,,
B+9552,"{image: https://g0v.github.io/koktai/img/k/9552.png}",⿰扌豕,"{image: http://漢字.意傳.台灣/宋體/⿰扌豕.png}",,,,
B+9554,"{image: https://g0v.github.io/koktai/img/k/9554.png}",⿰舌丹,"{image: http://漢字.意傳.台灣/宋體/⿰舌丹.png}",,,,
B+9556,"{image: https://g0v.github.io/koktai/img/k/9556.png}",⿰祟蚤,"{image: http://漢字.意傳.台灣/宋體/⿰祟蚤.png}",,,,
B+9568,"{image: https://g0v.github.io/koktai/img/k/9568.png}",⿰⻊不,"{image: http://漢字.意傳.台灣/宋體/⿰⻊不.png}",,,,
B+956d,"{image: https://g0v.github.io/koktai/img/k/956d.png}",⿱⺮排,"{image: http://漢字.意傳.台灣/宋體/⿱⺮排.png}",,,,
B+9571,"{image: https://g0v.github.io/koktai/img/k/9571.png}",⿰扌⿺尤彡,"{image: http://漢字.意傳.台灣/宋體/⿰扌⿺尤彡.png}",,,,
B+9649,"{image: https://g0v.github.io/koktai/img/k/9649.png}",亏,"{image: http://漢字.意傳.台灣/宋體/亏.png}",,,,
B+96a5,"{image: https://g0v.github.io/koktai/img/k/96a5.png}",⿰奚刂,"{image: http://漢字.意傳.台灣/宋體/⿰奚刂.png}",,,,
B+96b1,"{image: https://g0v.github.io/koktai/img/k/96b1.png}",⿸疒念,"{image: http://漢字.意傳.台灣/宋體/⿸疒念.png}",,,,
B+96b4,"{image: https://g0v.github.io/koktai/img/k/96b4.png}",⿸厂⿰屰刂,"{image: http://漢字.意傳.台灣/宋體/⿸厂⿰屰刂.png}",,,,
B+96c4,"{image: https://g0v.github.io/koktai/img/k/96c4.png}",⿰骨帝,"{image: http://漢字.意傳.台灣/宋體/⿰骨帝.png}",,,,
B+96d6,"{image: https://g0v.github.io/koktai/img/k/96d6.png}",⿱髟魚,"{image: http://漢字.意傳.台灣/宋體/⿱髟魚.png}",,,,
B+96e9,"{image: https://g0v.github.io/koktai/img/k/96e9.png}",⿰言秦,"{image: http://漢字.意傳.台灣/宋體/⿰言秦.png}",,,,
B+96fd,"{image: https://g0v.github.io/koktai/img/k/96fd.png}",⿱讎言,"{image: http://漢字.意傳.台灣/宋體/⿱讎言.png}",,,,
B+976a,"{image: https://g0v.github.io/koktai/img/k/976a.png}",⿰黑宅,"{image: http://漢字.意傳.台灣/宋體/⿰黑宅.png}",,,,
B+9777,"{image: https://g0v.github.io/koktai/img/k/9777.png}",⿺辶⿰氵卯,"{image: http://漢字.意傳.台灣/宋體/⿺辶⿰氵卯.png}",,,,
B+9779,"{image: https://g0v.github.io/koktai/img/k/9779.png}",⿰唐阝,"{image: http://漢字.意傳.台灣/宋體/⿰唐阝.png}",,,,
B+97a3,"{image: https://g0v.github.io/koktai/img/k/97a3.png}",⿱臥⿷匚虎,"{image: http://漢字.意傳.台灣/宋體/⿱臥⿷匚虎.png}",,,,
B+97bd,"{image: https://g0v.github.io/koktai/img/k/97bd.png}",⿰亢喬,"{image: http://漢字.意傳.台灣/宋體/⿰亢喬.png}",,,,
B+97cb,"{image: https://g0v.github.io/koktai/img/k/97cb.png}",⿱臥⿸厂虎,"{image: http://漢字.意傳.台灣/宋體/⿱臥⿸厂虎.png}",,,,
B+97d4,"{image: https://g0v.github.io/koktai/img/k/97d4.png}",⿱臥虒,"{image: http://漢字.意傳.台灣/宋體/⿱臥虒.png}",,,,
B+97de,"{image: https://g0v.github.io/koktai/img/k/97de.png}",⿰口⿱⿱十冖是,"{image: http://漢字.意傳.台灣/宋體/⿰口⿱⿱十冖是.png}",,,,
B+97e0,"{image: https://g0v.github.io/koktai/img/k/97e0.png}",⿰釒片,"{image: http://漢字.意傳.台灣/宋體/⿰釒片.png}",,,,
B+97ef,"{image: https://g0v.github.io/koktai/img/k/97ef.png}",⿰口心,"{image: http://漢字.意傳.台灣/宋體/⿰口心.png}",,,,
B+97f1,"{image: https://g0v.github.io/koktai/img/k/97f1.png}",⿰飠它,"{image: http://漢字.意傳.台灣/宋體/⿰飠它.png}",,,,
B+9840,"{image: https://g0v.github.io/koktai/img/k/9840.png}",⿱⿱⿱⿰口口田一,"{image: http://漢字.意傳.台灣/宋體/⿱⿱⿱⿰口口田一.png}",,這個得找最下面烏龜的異寫「亀」的底下部件了,,
B+9853,"{image: https://g0v.github.io/koktai/img/k/9853.png}",⿸人,"{image: http://漢字.意傳.台灣/宋體/⿸人.png}",,,,
B+9854,"{image: https://g0v.github.io/koktai/img/k/9854.png}",⿰革充,"{image: http://漢字.意傳.台灣/宋體/⿰革充.png}",,,,
B+9858,"{image: https://g0v.github.io/koktai/img/k/9858.png}",⿰石㒰,"{image: http://漢字.意傳.台灣/宋體/⿰石㒰.png}",,,,
B+985c,"{image: https://g0v.github.io/koktai/img/k/985c.png}",⿵門⿱田电,"{image: http://漢字.意傳.台灣/宋體/⿵門⿱田电.png}",,,,
B+989e,"{image: https://g0v.github.io/koktai/img/k/986e.png}",⿺辶宣,"{image: http://漢字.意傳.台灣/宋體/⿺辶宣.png}",,,,
B+9877,"{image: https://g0v.github.io/koktai/img/k/9877.png}",⿰亻緊,"{image: http://漢字.意傳.台灣/宋體/⿰亻緊.png}",,,,
B+98b0,"{image: https://g0v.github.io/koktai/img/k/98b0.png}",⿰扌,"{image: http://漢字.意傳.台灣/宋體/⿰扌.png}",,,,
B+98b7,"{image: https://g0v.github.io/koktai/img/k/98b7.png}",⿱妳心,"{image: http://漢字.意傳.台灣/宋體/⿱妳心.png}",,,,
B+98ba,"{image: https://g0v.github.io/koktai/img/k/98ba.png}",⿰女⿱二女,"{image: http://漢字.意傳.台灣/宋體/⿰女⿱二女.png}",,,,
B+98c2,"{image: https://g0v.github.io/koktai/img/k/98c2.png}",⿰米朮,"{image: http://漢字.意傳.台灣/宋體/⿰米朮.png}",,,,
B+98c7,"{image: https://g0v.github.io/koktai/img/k/98c7.png}",⿰飠憲,"{image: http://漢字.意傳.台灣/宋體/⿰飠憲.png}",,,,
B+98f2,"{image: https://g0v.github.io/koktai/img/k/98f2.png}",⿰⿱示瓜,"{image: http://漢字.意傳.台灣/宋體/⿰⿱示瓜.png}",,要找這個部件有沒有,,
B+9949,"{image: https://g0v.github.io/koktai/img/k/9949.png}",⿱汝心,"{image: http://漢字.意傳.台灣/宋體/⿱汝心.png}",,,,
B+9958,"{image: https://g0v.github.io/koktai/img/k/9958.png}",⿰片通,"{image: http://漢字.意傳.台灣/宋體/⿰片通.png}",,,,
B+9959,"{image: https://g0v.github.io/koktai/img/k/9959.png}",⿰勞力,"{image: http://漢字.意傳.台灣/宋體/⿰勞力.png}",,,,
B+9962,"{image: https://g0v.github.io/koktai/img/k/9962.png}",⿰釒⿱高禾,"{image: http://漢字.意傳.台灣/宋體/⿰釒⿱高禾.png}",,,,
B+99a2,"{image: https://g0v.github.io/koktai/img/k/99a2.png}",⿰夾甲,"{image: http://漢字.意傳.台灣/宋體/⿰夾甲.png}",,,,
B+99a3,"{image: https://g0v.github.io/koktai/img/k/99a3.png}",⿰具鳥,"{image: http://漢字.意傳.台灣/宋體/⿰具鳥.png}",,,,
B+99a9,"{image: https://g0v.github.io/koktai/img/k/99a9.png}",⿱山彔,"{image: http://漢字.意傳.台灣/宋體/⿱山彔.png}",,,,
B+99b4,"{image: https://g0v.github.io/koktai/img/k/99b4.png}",⿰忄慼,"{image: http://漢字.意傳.台灣/宋體/⿰忄慼.png}",,,,
B+99c3,"{image: https://g0v.github.io/koktai/img/k/99c3.png}",⿰虫龜,"{image: http://漢字.意傳.台灣/宋體/⿰虫龜.png}",,,,
B+99db,"{image: https://g0v.github.io/koktai/img/k/99db.png}",⿰米圓,"{image: http://漢字.意傳.台灣/宋體/⿰米圓.png}",,,,
B+99e1,"{image: https://g0v.github.io/koktai/img/k/99e1.png}",⿱艹ㄐ,"{image: http://漢字.意傳.台灣/宋體/⿱艹ㄐ.png}",,這個需要review,,
B+9a54,"{image: https://g0v.github.io/koktai/img/k/9a54.png}",⿰火忽,"{image: http://漢字.意傳.台灣/宋體/⿰火忽.png}",,,,
B+9a66,"{image: https://g0v.github.io/koktai/img/k/9a66.png}",⿰米龜,"{image: http://漢字.意傳.台灣/宋體/⿰米龜.png}",,,,
B+9a7b,"{image: https://g0v.github.io/koktai/img/k/9a7b.png}",,,,,,
B+9a7d,"{image: https://g0v.github.io/koktai/img/k/9a7d.png}",⿳厶大土,"{image: http://漢字.意傳.台灣/宋體/⿳厶大土.png}",,,,
B+9aa2,"{image: https://g0v.github.io/koktai/img/k/9aa2.png}",,"{image: http://漢字.意傳.台灣/宋體/.png}",,要尋找左邊的部件,,
B+9ab1,"{image: https://g0v.github.io/koktai/img/k/9ab1.png}",⿰忄嚴,"{image: http://漢字.意傳.台灣/宋體/⿰忄嚴.png}",,,,
B+9ab6,"{image: https://g0v.github.io/koktai/img/k/9ab6.png}",⿱兇夊,"{image: http://漢字.意傳.台灣/宋體/⿱兇夊.png}",,下面還要找更接近的部件,,
B+9acd,"{image: https://g0v.github.io/koktai/img/k/9acd.png}",⿰火厥,"{image: http://漢字.意傳.台灣/宋體/⿰火厥.png}",,,,
B+9acf,"{image: https://g0v.github.io/koktai/img/k/9acf.png}",⿰皮留,"{image: http://漢字.意傳.台灣/宋體/⿰皮留.png}",,,,
B+9ad7,"{image: https://g0v.github.io/koktai/img/k/9ad7.png}",⿰袞号,"{image: http://漢字.意傳.台灣/宋體/⿰袞号.png}",,,,
B+9aeb,"{image: https://g0v.github.io/koktai/img/k/9aeb.png}",,"{image: http://漢字.意傳.台灣/宋體/.png}",,要找有無這個部件了,,
B+9af9,"{image: https://g0v.github.io/koktai/img/k/9af9.png}",⿰石卂,"{image: http://漢字.意傳.台灣/宋體/⿰石卂.png}",,引擎的描繪好像在這裡有bug,,
B+9b42,"{image: https://g0v.github.io/koktai/img/k/9b42.png}",⿰目函,"{image: http://漢字.意傳.台灣/宋體/⿰目函.png}",,,,
B+9b49,"{image: https://g0v.github.io/koktai/img/k/9b49.png}",⿰口怎,"{image: http://漢字.意傳.台灣/宋體/⿰口怎.png}",,,,
B+9b4b,"{image: https://g0v.github.io/koktai/img/k/9b4b.png}",⿰口皂,"{image: http://漢字.意傳.台灣/宋體/⿰口皂.png}",,,,
B+9b4d,"{image: https://g0v.github.io/koktai/img/k/9b4d.png}",⿰米攴,"{image: http://漢字.意傳.台灣/宋體/⿰米攴.png}",,,,
B+9b57,"{image: https://g0v.github.io/koktai/img/k/9b57.png}",⿰口柳,"{image: http://漢字.意傳.台灣/宋體/⿰口柳.png}",,,,
B+9b60,"{image: https://g0v.github.io/koktai/img/k/9b60.png}",⿲彳皮亇,"{image: http://漢字.意傳.台灣/宋體/⿲彳皮亇.png}",,,,
B+9ba7,"{image: https://g0v.github.io/koktai/img/k/9ba7.png}",⿰⻟堅,"{image: http://漢字.意傳.台灣/宋體/⿰⻟堅.png}",,,,
B+9c44,"{image: https://g0v.github.io/koktai/img/k/9c44.png}",⿵門丨,"{image: http://漢字.意傳.台灣/宋體/⿵門丨.png}",,,,
B+9c4a,"{image: https://g0v.github.io/koktai/img/k/9c4a.png}",,"{image: http://漢字.意傳.台灣/宋體/.png}",,這也是要找的部件,,
B+9c71,"{image: https://g0v.github.io/koktai/img/k/9c71.png}",⿳口,"{image: http://漢字.意傳.台灣/宋體/⿳口.png}",,這也是要找部件,,
B+9c72,"{image: https://g0v.github.io/koktai/img/k/9c72.png}",⿰扌⿱京火,"{image: http://漢字.意傳.台灣/宋體/⿰扌⿱京火.png}",,,,
B+9c76,"{image: https://g0v.github.io/koktai/img/k/9c76.png}",⿱⿰⿱士⿱冖⿱一車殳心,"{image: http://漢字.意傳.台灣/宋體/⿱⿰⿱士⿱冖⿱一車殳心.png}",,,,
B+9c7d,"{image: https://g0v.github.io/koktai/img/k/9c7d.png}",⿱艹亅,"{image: http://漢字.意傳.台灣/宋體/⿱艹亅.png}",,,,
B+9ca4,"{image: https://g0v.github.io/koktai/img/k/9ca4.png}",,"{image: http://漢字.意傳.台灣/宋體/.png}",,要找這個部件,,
B+9ca5,"{image: https://g0v.github.io/koktai/img/k/9ca5.png}",⿰貝喬,"{image: http://漢字.意傳.台灣/宋體/⿰貝喬.png}",,,,
B+9cb0,"{image: https://g0v.github.io/koktai/img/k/9cb0.png}",ㄥ,"{image: http://漢字.意傳.台灣/宋體/ㄥ.png}",,,,
B+9cba,"{image: https://g0v.github.io/koktai/img/k/9cba.png}",⿰角卬,"{image: http://漢字.意傳.台灣/宋體/⿰角卬.png}",,,,
B+9cbd,"{image: https://g0v.github.io/koktai/img/k/9cbd.png}",⿰口孱,"{image: http://漢字.意傳.台灣/宋體/⿰口孱.png}",,,,
B+9cc1,"{image: https://g0v.github.io/koktai/img/k/9cc1.png}",⿰金庫,"{image: http://漢字.意傳.台灣/宋體/⿰金庫.png}",,,,
B+9cc7,"{image: https://g0v.github.io/koktai/img/k/9cc7.png}",⿰肩犮,"{image: http://漢字.意傳.台灣/宋體/⿰肩犮.png}",,,,
B+9cd1,"{image: https://g0v.github.io/koktai/img/k/9cd1.png}",⿱⺮虛,"{image: http://漢字.意傳.台灣/宋體/⿱⺮虛.png}",,,,
B+9cdb,"{image: https://g0v.github.io/koktai/img/k/9cdb.png}",⿱彡儿,"{image: http://漢字.意傳.台灣/宋體/⿱彡儿.png}",,,,
B+9ce4,"{image: https://g0v.github.io/koktai/img/k/9ce4.png}",⺈,"{image: http://漢字.意傳.台灣/宋體/⺈.png}",,,,
B+9ce5,"{image: https://g0v.github.io/koktai/img/k/9ce5.png}",マ,"{image: http://漢字.意傳.台灣/宋體/マ.png}",,,,
B+9cea,"{image: https://g0v.github.io/koktai/img/k/9cea.png}",,,,,,
B+9d4a,"{image: https://g0v.github.io/koktai/img/k/9d4a.png}",⿰飠責,"{image: http://漢字.意傳.台灣/宋體/⿰飠責.png}",,,,
B+9d68,"{image: https://g0v.github.io/koktai/img/k/9d68.png}",⿰糸紊,"{image: http://漢字.意傳.台灣/宋體/⿰糸紊.png}",,,,
B+9d6c,"{image: https://g0v.github.io/koktai/img/k/9d6c.png}",⿰忄天,"{image: http://漢字.意傳.台灣/宋體/⿰忄天.png}",,,,
B+9d7c,"{image: https://g0v.github.io/koktai/img/k/9d7c.png}",,"{image: http://漢字.意傳.台灣/宋體/.png}",,,,
B+9dcd,"{image: https://g0v.github.io/koktai/img/k/9dcd.png}",⿱宀儿,"{image: http://漢字.意傳.台灣/宋體/⿱宀儿.png}",,,,
B+9dcf,"{image: https://g0v.github.io/koktai/img/k/9dcf.png}",,,,,,
B+9dd1,"{image: https://g0v.github.io/koktai/img/k/9dd1.png}",⿱几,"{image: http://漢字.意傳.台灣/宋體/⿱几.png}",,也是缺部件,,
B+9dd3,"{image: https://g0v.github.io/koktai/img/k/9dd3.png}",⿰齒卬,"{image: http://漢字.意傳.台灣/宋體/⿰齒卬.png}",,,,
B+9dd4,"{image: https://g0v.github.io/koktai/img/k/9dd4.png}",⿰夫𠆤,"{image: http://漢字.意傳.台灣/宋體/⿰夫𠆤.png}",,,,
B+9dd8,"{image: https://g0v.github.io/koktai/img/k/9dd8.png}",⿳宀儿徼,"{image: http://漢字.意傳.台灣/宋體/⿳宀儿徼.png}",,,,
B+9de4,"{image: https://g0v.github.io/koktai/img/k/9de4.png}",⿰氵⿱缶,"{image: http://漢字.意傳.台灣/宋體/⿰氵⿱缶.png}",,,,
B+9ebd,"{image: https://g0v.github.io/koktai/img/k/9ebd.png}",⿰酉彥,"{image: http://漢字.意傳.台灣/宋體/⿰酉彥.png}",,,,
B+9ed5,"{image: https://g0v.github.io/koktai/img/k/9ed5.png}",,,,'218可能是⿰扌义的楷體，未來需要文字專家判定協助,,
B+9ee2,"{image: https://g0v.github.io/koktai/img/k/9ee2.png}",⿰示直,"{image: http://漢字.意傳.台灣/宋體/⿰示直.png}",,,,
B+9ee7,"{image: https://g0v.github.io/koktai/img/k/9ee7.png}",⿴囗清,"{image: http://漢字.意傳.台灣/宋體/⿴囗清.png}",,,,
B+9eec,"{image: https://g0v.github.io/koktai/img/k/9eec.png}",,"{image: http://漢字.意傳.台灣/宋體/.png}",,,,
B+9efe,"{image: https://g0v.github.io/koktai/img/k/9efe.png}",⿰衤⿱艹奔,"{image: http://漢字.意傳.台灣/宋體/⿰衤⿱艹奔.png}",,,,
B+9f45,"{image: https://g0v.github.io/koktai/img/k/9f45.png}",⿰骨突,"{image: http://漢字.意傳.台灣/宋體/⿰骨突.png}",,,,
B+9f46,"{image: https://g0v.github.io/koktai/img/k/9f46.png}",⿰釒幵,"{image: http://漢字.意傳.台灣/宋體/⿰釒幵.png}",,,,
B+9f50,"{image: https://g0v.github.io/koktai/img/k/9f50.png}",,,,,,
B+9f6a,"{image: https://g0v.github.io/koktai/img/k/9f6a.png}",⿰氵含,"{image: http://漢字.意傳.台灣/宋體/⿰氵含.png}",,,,
B+9f6d,"{image: https://g0v.github.io/koktai/img/k/9f6d.png}",⿰釒罕,"{image: http://漢字.意傳.台灣/宋體/⿰釒罕.png}",,,,
B+9fd0,"{image: https://g0v.github.io/koktai/img/k/9fd0.png}",,"{image: http://漢字.意傳.台灣/宋體/.png}",,,,
B+9fd8,"{image: https://g0v.github.io/koktai/img/k/9fd8.png}",⿰⻊幵,"{image: http://漢字.意傳.台灣/宋體/⿰⻊幵.png}",,,,
B+a046,"{image: https://g0v.github.io/koktai/img/k/a046.png}",⿰月⿱禾夕,"{image: http://漢字.意傳.台灣/宋體/⿰月⿱禾夕.png}",,,,
B+a047,"{image: https://g0v.github.io/koktai/img/k/a047.png}",⿰言匈,"{image: http://漢字.意傳.台灣/宋體/⿰言匈.png}",,,,
B+a052,"{image: https://g0v.github.io/koktai/img/k/a052.png}",⿱十土,"{image: http://漢字.意傳.台灣/宋體/⿱十土.png}",,,,
B+a05c,"{image: https://g0v.github.io/koktai/img/k/a05c.png}",⿰忄⿱囪心,"{image: http://漢字.意傳.台灣/宋體/⿰忄⿱囪心.png}",,,,
B+a06b,"{image: https://g0v.github.io/koktai/img/k/a06b.png}",⿰口⿸灬,"{image: http://漢字.意傳.台灣/宋體/⿰口⿸灬.png}",,這裡也是缺部件的,,
B+a070,"{image: https://g0v.github.io/koktai/img/k/a070.png}",⿰口𩰬,"{image: http://漢字.意傳.台灣/宋體/⿰口𩰬.png}",,"右邊是U+29C2C  ，很多字型檔還未實作（Unicode3.1）",,
B+a073,"{image: https://g0v.github.io/koktai/img/k/a073.png}",⿱亠厶,"{image: http://漢字.意傳.台灣/宋體/⿱亠厶.png}",,,,
B+a07b,"{image: https://g0v.github.io/koktai/img/k/a07b.png}",⿳⿱冖石禾,"{image: http://漢字.意傳.台灣/宋體/⿳⿱冖石禾.png}",,這也是缺部件,,
B+a0bd,"{image: https://g0v.github.io/koktai/img/k/a0bd.png}",,,,,,
B+a0c3,"{image: https://g0v.github.io/koktai/img/k/a0c3.png}",⿳⿰工几寸,"{image: http://漢字.意傳.台灣/宋體/⿳⿰工几寸.png}",,,,
B+a0c7,"{image: https://g0v.github.io/koktai/img/k/a0c7.png}",⿰鼻支,"{image: http://漢字.意傳.台灣/宋體/⿰鼻支.png}",,,,
B+a0cd,"{image: https://g0v.github.io/koktai/img/k/a0cd.png}",⿱中一,"{image: http://漢字.意傳.台灣/宋體/⿱中一.png}",,,,
B+a0e0,"{image: https://g0v.github.io/koktai/img/k/a0e0.png}",⺋,"{image: http://漢字.意傳.台灣/宋體/⺋.png}",,,,
B+a0e5,"{image: https://g0v.github.io/koktai/img/k/a0e5.png}",⿱宀贑,"{image: http://漢字.意傳.台灣/宋體/⿱宀贑.png}",,,,
B+a0eb,"{image: https://g0v.github.io/koktai/img/k/a0eb.png}",⿰扌⿱刀臼,"{image: http://漢字.意傳.台灣/宋體/⿰扌⿱刀臼.png}",,,,
B+a0fd,"{image: https://g0v.github.io/koktai/img/k/a0fd.png}",⿰口欮,"{image: http://漢字.意傳.台灣/宋體/⿰口欮.png}",,,,
B+fa42,"{image: https://g0v.github.io/koktai/img/k/fa42.png}",⿰至甲,"{image: http://漢字.意傳.台灣/宋體/⿰至甲.png}",,,,
B+fa44,"{image: https://g0v.github.io/koktai/img/k/fa44.png}",⿰妻某,"{image: http://漢字.意傳.台灣/宋體/⿰妻某.png}",,,,
B+fa49,"{image: https://g0v.github.io/koktai/img/k/fa49.png}",⿰要卜,"{image: http://漢字.意傳.台灣/宋體/⿰要卜.png}",,,,
B+fa4b,"{image: https://g0v.github.io/koktai/img/k/fa4b.png}",⿰爿周,"{image: http://漢字.意傳.台灣/宋體/⿰爿周.png}",,,,
B+fa56,"{image: https://g0v.github.io/koktai/img/k/fa56.png}",⿰光金,"{image: http://漢字.意傳.台灣/宋體/⿰光金.png}",,,,
B+fa68,"{image: https://g0v.github.io/koktai/img/k/fa68.png}",⿱穴臼,"{image: http://漢字.意傳.台灣/宋體/⿱穴臼.png}",,,,
B+fa71,"{image: https://g0v.github.io/koktai/img/k/fa71.png}",⿱丙一,"{image: http://漢字.意傳.台灣/宋體/⿱丙一.png}",,,,
B+fab7,"{image: https://g0v.github.io/koktai/img/k/fab7.png}",⿰巴攵,"{image: http://漢字.意傳.台灣/宋體/⿰巴攵.png}",,,,
B+fac3,"{image: https://g0v.github.io/koktai/img/k/fac3.png}",⿰米兹,"{image: http://漢字.意傳.台灣/宋體/⿰米兹.png}",,,,
B+fac4,"{image: https://g0v.github.io/koktai/img/k/fac4.png}",⿲口舟殳,"{image: http://漢字.意傳.台灣/宋體/⿲口舟殳.png}",,,,
B+fac6,"{image: https://g0v.github.io/koktai/img/k/fac6.png}",⿰包攵,"{image: http://漢字.意傳.台灣/宋體/⿰包攵.png}",,,,
B+faca,"{image: https://g0v.github.io/koktai/img/k/faca.png}",⿰亦馬,"{image: http://漢字.意傳.台灣/宋體/⿰亦馬.png}",,,,
B+facb,"{image: https://g0v.github.io/koktai/img/k/facb.png}",⿰只个,"{image: http://漢字.意傳.台灣/宋體/⿰只个.png}",,,,
B+facc,"{image: https://g0v.github.io/koktai/img/k/facc.png}",,,,,,
B+fad0,"{image: https://g0v.github.io/koktai/img/k/fad0.png}",⿰美水,"{image: http://漢字.意傳.台灣/宋體/⿰美水.png}",,,,
B+fadf,"{image: https://g0v.github.io/koktai/img/k/fadf.png}",⿰⿱旦寸當,"{image: http://漢字.意傳.台灣/宋體/⿰⿱旦寸當.png}",,,,
B+faed,"{image: https://g0v.github.io/koktai/img/k/faed.png}",㴙,"{image: http://漢字.意傳.台灣/宋體/㴙.png}",,,,
B+faf1,"{image: https://g0v.github.io/koktai/img/k/faf1.png}",⿰口敝,"{image: http://漢字.意傳.台灣/宋體/⿰口敝.png}",,,,
B+faf4,"{image: https://g0v.github.io/koktai/img/k/faf4.png}",⿰扌卻,"{image: http://漢字.意傳.台灣/宋體/⿰扌卻.png}",,,,
B+fb43,"{image: https://g0v.github.io/koktai/img/k/fb43.png}",⿱⺮廣,"{image: http://漢字.意傳.台灣/宋體/⿱⺮廣.png}",,,,
B+fb49,"{image: https://g0v.github.io/koktai/img/k/fb49.png}",⿰勿愛,"{image: http://漢字.意傳.台灣/宋體/⿰勿愛.png}",,,,
B+fb4c,"{image: https://g0v.github.io/koktai/img/k/fb4c.png}",⿰日夭,"{image: http://漢字.意傳.台灣/宋體/⿰日夭.png}",,,,
B+fb50,"{image: https://g0v.github.io/koktai/img/k/fb50.png}",⿱此一,"{image: http://漢字.意傳.台灣/宋體/⿱此一.png}",,,,
B+fb51,"{image: https://g0v.github.io/koktai/img/k/fb51.png}",⿰孑艮,"{image: http://漢字.意傳.台灣/宋體/⿰孑艮.png}",,,,
B+fb64,"{image: https://g0v.github.io/koktai/img/k/fb64.png}",⿰目夅,"{image: http://漢字.意傳.台灣/宋體/⿰目夅.png}",,,,
B+fb65,"{image: https://g0v.github.io/koktai/img/k/fb65.png}",⿰言袞,"{image: http://漢字.意傳.台灣/宋體/⿰言袞.png}",,,,
B+fb69,"{image: https://g0v.github.io/koktai/img/k/fb69.png}",⿰目東,"{image: http://漢字.意傳.台灣/宋體/⿰目東.png}",,,,
B+fb6a,"{image: https://g0v.github.io/koktai/img/k/fb6a.png}",⿰目疑,"{image: http://漢字.意傳.台灣/宋體/⿰目疑.png}",,,,
B+fb6b,"{image: https://g0v.github.io/koktai/img/k/fb6b.png}",⿺毛昔,"{image: http://漢字.意傳.台灣/宋體/⿺毛昔.png}",,,,
B+fb71,"{image: https://g0v.github.io/koktai/img/k/fb71.png}",⿸疒小,"{image: http://漢字.意傳.台灣/宋體/⿸疒小.png}",,,,
B+fb73,"{image: https://g0v.github.io/koktai/img/k/fb73.png}",⿱午一,"{image: http://漢字.意傳.台灣/宋體/⿱午一.png}",,,,
B+fbb3,"{image: https://g0v.github.io/koktai/img/k/fbb3.png}",⿳⻗大韭,"{image: http://漢字.意傳.台灣/宋體/⿳⻗大韭.png}",,,,
B+fbba,"{image: https://g0v.github.io/koktai/img/k/fbba.png}",綳,"{image: http://漢字.意傳.台灣/宋體/綳.png}",,,,
B+fbbf,"{image: https://g0v.github.io/koktai/img/k/fbbf.png}",⿰月憲,"{image: http://漢字.意傳.台灣/宋體/⿰月憲.png}",,,,
B+fbc2,"{image: https://g0v.github.io/koktai/img/k/fbc2.png}",⿰扌冄,"{image: http://漢字.意傳.台灣/宋體/⿰扌冄.png}",,,,
B+fbcb,"{image: https://g0v.github.io/koktai/img/k/fbcb.png}",⿰口知,"{image: http://漢字.意傳.台灣/宋體/⿰口知.png}",,,,
B+fbcc,"{image: https://g0v.github.io/koktai/img/k/fbcc.png}",⿰月獻,"{image: http://漢字.意傳.台灣/宋體/⿰月獻.png}",,,,
B+fbcf,"{image: https://g0v.github.io/koktai/img/k/fbcf.png}",⿰扌閱,"{image: http://漢字.意傳.台灣/宋體/⿰扌閱.png}",,,,
B+fbd2,"{image: https://g0v.github.io/koktai/img/k/fbd2.png}",⿰歹奧,"{image: http://漢字.意傳.台灣/宋體/⿰歹奧.png}",,,,
B+fbdc,"{image: https://g0v.github.io/koktai/img/k/fbdc.png}",⿰扌林,"{image: http://漢字.意傳.台灣/宋體/⿰扌林.png}",,,,
B+fbf2,"{image: https://g0v.github.io/koktai/img/k/fbf2.png}",⿱月,"{image: http://漢字.意傳.台灣/宋體/⿱月.png}",,,,
B+fbf9,"{image: https://g0v.github.io/koktai/img/k/fbf9.png}",⿰骨亏,"{image: http://漢字.意傳.台灣/宋體/⿰骨亏.png}",,,,
B+fbfa,"{image: https://g0v.github.io/koktai/img/k/fbfa.png}",⿸疒粒,"{image: http://漢字.意傳.台灣/宋體/⿸疒粒.png}",,,,
B+fc4c,"{image: https://g0v.github.io/koktai/img/k/fc4c.png}",⿸疒勘,"{image: http://漢字.意傳.台灣/宋體/⿸疒勘.png}",,,,
B+fc50,"{image: https://g0v.github.io/koktai/img/k/fc50.png}",⿰扌,"{image: http://漢字.意傳.台灣/宋體/⿰扌.png}",,,,
B+fc68,"{image: https://g0v.github.io/koktai/img/k/fc68.png}",⿰氵⿸厂炎,"{image: http://漢字.意傳.台灣/宋體/⿰氵⿸厂炎.png}",,,,
B+fc72,"{image: https://g0v.github.io/koktai/img/k/fc72.png}",⿸疒產,"{image: http://漢字.意傳.台灣/宋體/⿸疒產.png}",,,,
B+fc77,"{image: https://g0v.github.io/koktai/img/k/fc77.png}",⿰米包,"{image: http://漢字.意傳.台灣/宋體/⿰米包.png}",,,,
B+fc7c,"{image: https://g0v.github.io/koktai/img/k/fc7c.png}",⿳艹⿱㇒因心,"{image: http://漢字.意傳.台灣/宋體/⿳艹⿱㇒因心.png}",,,,
B+fca8,"{image: https://g0v.github.io/koktai/img/k/fca8.png}",⿰布瓜,"{image: http://漢字.意傳.台灣/宋體/⿰布瓜.png}",,,,
B+fccb,"{image: https://g0v.github.io/koktai/img/k/fccb.png}",x,"{image: http://漢字.意傳.台灣/宋體/x.png}",,,,
B+fcd3,"{image: https://g0v.github.io/koktai/img/k/fcd3.png}",⿰亻狀,"{image: http://漢字.意傳.台灣/宋體/⿰亻狀.png}",,,,
B+fcda,"{image: https://g0v.github.io/koktai/img/k/fcda.png}",⿰不美,"{image: http://漢字.意傳.台灣/宋體/⿰不美.png}",,,,
B+fcdb,"{image: https://g0v.github.io/koktai/img/k/fcdb.png}",⿰勿美,"{image: http://漢字.意傳.台灣/宋體/⿰勿美.png}",,,,
B+fce0,"{image: https://g0v.github.io/koktai/img/k/fce0.png}",⿰⿺虎彡,"{image: http://漢字.意傳.台灣/宋體/⿰⿺虎彡.png}",,,,
B+fcf7,"{image: https://g0v.github.io/koktai/img/k/fcf7.png}",⿰⿱旦寸当,"{image: http://漢字.意傳.台灣/宋體/⿰⿱旦寸当.png}",,,,
B+fd78,"{image: https://g0v.github.io/koktai/img/k/fd78.png}",⿰亻⿱天韭,"{image: http://漢字.意傳.台灣/宋體/⿰亻⿱天韭.png}",,,,
B+fdc5,"{image: https://g0v.github.io/koktai/img/k/fdc5.png}",,"{image: http://漢字.意傳.台灣/宋體/.png}",,,,
B+fdc7,"{image: https://g0v.github.io/koktai/img/k/fdc7.png}",,,,可能是錯別字，而且也沒有部件,,
B+fdf7,"{image: https://g0v.github.io/koktai/img/k/fdf7.png}",⿱⺮允,"{image: http://漢字.意傳.台灣/宋體/⿱⺮允.png}",,,,
B+fe4e,"{image: https://g0v.github.io/koktai/img/k/fe4e.png}",⿱⺮披,"{image: http://漢字.意傳.台灣/宋體/⿱⺮披.png}",,,,
B+fe6f,"{image: https://g0v.github.io/koktai/img/k/fe6f.png}",⿰衤南,"{image: http://漢字.意傳.台灣/宋體/⿰衤南.png}",,,,
B+fea7,"{image: https://g0v.github.io/koktai/img/k/fea7.png}",⿰扌向,"{image: http://漢字.意傳.台灣/宋體/⿰扌向.png}",,,,
B+fee5,"{image: https://g0v.github.io/koktai/img/k/fee5.png}",⿰扌衮,"{image: http://漢字.意傳.台灣/宋體/⿰扌衮.png}",,,,
B+feef,"{image: https://g0v.github.io/koktai/img/k/feef.png}",⿰扌⿺辶⿱八天,"{image: http://漢字.意傳.台灣/宋體/⿰扌⿺辶⿱八天.png}",,,,
B+fef7,"{image: https://g0v.github.io/koktai/img/k/fef7.png}",⿰扌⿺虎彡,"{image: http://漢字.意傳.台灣/宋體/⿰扌⿺虎彡.png}",,,,
B+fefa,"{image: https://g0v.github.io/koktai/img/k/fefa.png}",⿰尔我,"{image: http://漢字.意傳.台灣/宋體/⿰尔我.png}",,,,
